Sequence_Length,MSE,MAE,R2
24,0.008121181,0.06298569,0.9008255273098135
48,0.008127796,0.0627242,0.9006800380471667
72,0.008117031,0.06280777,0.9008307483126963
