{
    "12": {
        "mse": 0.00255822877770842,
        "mae": 0.0273385533355511,
        "r2": 0.5775147828473781
    },
    "24": {
        "mse": 0.0011391119902330385,
        "mae": 0.02044792635536784,
        "r2": 0.8118930088393791
    },
    "48": {
        "mse": 0.00072960599215429,
        "mae": 0.016743540106132264,
        "r2": 0.8794396979827622
    }
}