{
    "Sequence_Length": 48,
    "MSE": 0.001038,
    "RMSE": 0.032214,
    "MAE": 0.01648,
    "R2": 0.898427
}