{
    "48": {
        "mse": 0.0010377730941399932,
        "mae": 0.016479507088661194,
        "r2": 0.8984269574472771
    }
}